case,dataset,type,a_side,b_side,member,cluster,movement_grid_px,cascade_zncc,moved_zncc,choice,chosen_side,note,adjust_from,adjust_pos_x,adjust_pos_y,adjust_s00,adjust_s01,adjust_s10,adjust_s11
c01,MurdoSmallAntiqueCat,control,piecewise_identical,cascade,649526,135995,0.000,0.894963,0.894963,same,same,both wrong,piecewise_identical,2868.8870,52.5459,-1.990857,-3.802646,2.122348,-1.989379
c02,MurdoSmallAntiqueCat,mover,cascade,moved,125603,15933,0.728,0.949462,0.954948,B,moved,,,,,,,,
c03,fleetws,control,cascade,piecewise_identical,107867,27079,0.000,0.941939,0.941939,same,same,,,,,,,,
c04,MurdoSmallAntiqueCat,mover,cascade,moved,721915,157538,1.211,0.893201,0.895632,B,moved,,,,,,,,
c05,KerryPark480,mover,cascade,moved,2064,230,2.075,0.957909,0.967008,B,moved,,,,,,,,
c06,MurdoSmallAntiqueCat,mover,moved,cascade,1134174,316269,1.863,0.926428,0.944946,A,moved,,,,,,,,
c07,fleetws,mover,cascade,moved,47724,8458,2.227,0.898876,0.908141,B,moved,,,,,,,,
c08,KerryPark480,mover,cascade,moved,13634,2620,1.485,0.888739,0.901562,B,moved,,,,,,,,
c09,fleetws,mover,moved,cascade,161351,49423,0.653,0.860911,0.863785,same,same,,,,,,,,
c10,fleetws,sanity,perturbed,cascade,62626,12313,2.811,0.930692,,B,cascade,,,,,,,,
c11,SeoulBull,control,cascade,piecewise_identical,6686,2270,0.000,0.952777,0.952777,same,same,,,,,,,,
c12,MurdoSmallAntiqueCat,mover,cascade,moved,258955,39196,1.445,0.890294,0.916550,B,moved,,,,,,,,
c13,SeoulBull,mover,moved,cascade,9620,3737,0.258,0.942597,0.942639,A,moved,,,,,,,,
c14,KerryPark480,mover,cascade,moved,25402,6727,0.595,0.909181,0.910146,same,same,,,,,,,,
c15,KerryPark480,mover,moved,cascade,20286,4793,0.187,0.894977,0.895019,same,same,"This is a bad coincidence match, a street with cars and a bicycle matching a dog shadow and leash",,,,,,,
c16,SeoulBull,control,piecewise_identical,cascade,9374,3614,0.000,0.946139,0.946139,same,same,,,,,,,,
c17,MurdoSmallAntiqueCat,mover,cascade,moved,822474,192402,1.040,0.907996,0.918312,B,moved,,,,,,,,
c18,KerryPark480,mover,moved,cascade,38026,12971,0.742,0.906630,0.906738,same,same,,,,,,,,
c19,fleetws,mover,moved,cascade,31326,4783,0.006,0.933105,0.933114,same,same,,,,,,,,
c20,MurdoSmallAntiqueCat,sanity,cascade,perturbed,899760,221284,2.961,0.920581,,A,cascade,,,,,,,,
c21,fleetws,mover,cascade,moved,85492,19278,1.281,0.885183,0.886573,same,same,,,,,,,,
c22,KerryPark480,mover,cascade,moved,6882,994,1.690,0.952615,0.963284,B,moved,,,,,,,,
c23,MurdoSmallAntiqueCat,mover,moved,cascade,4315,446,3.398,0.897709,0.916307,A,moved,,,,,,,,
c24,MurdoSmallAntiqueCat,mover,cascade,moved,929085,232337,3.332,0.872879,0.930681,B,moved,,,,,,,,
c25,KerryPark480,mover,moved,cascade,8823,1388,0.836,0.885854,0.887975,same,same,,,,,,,,
c26,fleetws,sanity,perturbed,cascade,22734,3170,3.006,0.987598,,B,cascade,,,,,,,,
c27,SeoulBull,control,cascade,piecewise_identical,2734,698,0.000,0.989382,0.989382,B,piecewise_identical,,,,,,,,
c28,KerryPark480,control,piecewise_identical,cascade,1644,181,0.000,0.911728,0.911728,same,same,,,,,,,,
c29,fleetws,mover,cascade,moved,82180,18284,1.885,0.919520,0.943079,B,moved,,,,,,,,
c30,KerryPark480,mover,cascade,moved,36886,12401,2.491,0.868105,0.870360,B,moved,,,,,,,,
c31,fleetws,mover,cascade,moved,56475,10708,2.279,0.889242,0.892956,B,moved,,,,,,,,
c32,MurdoSmallAntiqueCat,mover,moved,cascade,761034,169780,1.255,0.931625,0.945648,A,moved,,,,,,,,
c33,SeoulBull,mover,cascade,moved,7160,2507,0.491,0.926201,0.927506,both_wrong,both_wrong,,,,,,,,
c34,MurdoSmallAntiqueCat,mover,cascade,moved,586570,117587,1.720,0.881491,0.890283,B,moved,,,,,,,,
c35,KerryPark480,control,cascade,piecewise_identical,5482,736,0.000,0.933473,0.933473,same,same,,,,,,,,
c36,fleetws,mover,moved,cascade,213603,75549,0.826,0.963334,0.964319,A,moved,,,,,,,,
c37,MurdoSmallAntiqueCat,mover,moved,cascade,236030,34766,0.177,0.926674,0.927267,same,same,,,,,,,,
c38,fleetws,mover,cascade,moved,188210,62852,1.841,0.891763,0.891904,same,same,,,,,,,,
c39,fleetws,control,piecewise_identical,cascade,101521,24633,0.000,0.902483,0.902483,both_wrong,both_wrong,"These are not of the same subject, it's a spurious match",,,,,,,
c40,SeoulBull,sanity,cascade,perturbed,4807,1448,2.903,0.944037,,A,cascade,,,,,,,,
c41,SeoulBull,control,piecewise_identical,cascade,6152,2003,0.000,0.946669,0.946669,same,same,,,,,,,,
c42,fleetws,mover,cascade,moved,174442,55968,2.004,0.933002,0.942634,B,moved,,,,,,,,
c43,MurdoSmallAntiqueCat,mover,cascade,moved,235218,34607,1.819,0.914829,0.930024,B,moved,,,,,,,,
c44,KerryPark480,mover,moved,cascade,4626,593,0.938,0.914038,0.916808,B,cascade,,,,,,,,
c45,SeoulBull,sanity,cascade,perturbed,6692,2273,2.820,0.888680,,A,cascade,,,,,,,,
c46,MurdoSmallAntiqueCat,mover,moved,cascade,1020242,266948,3.026,0.879801,0.929260,A,moved,,,,,,,,
c47,MurdoSmallAntiqueCat,control,piecewise_identical,cascade,1220193,359279,0.000,0.879497,0.879497,A,piecewise_identical,,,,,,,,
c48,fleetws,mover,cascade,moved,60177,11671,1.628,0.927469,0.932951,B,moved,,,,,,,,
c49,SeoulBull,sanity,perturbed,cascade,4891,1479,2.843,0.921311,,B,cascade,,,,,,,,
c50,MurdoSmallAntiqueCat,control,piecewise_identical,cascade,145041,18890,0.000,0.995203,0.995203,same,same,,,,,,,,
c51,MurdoSmallAntiqueCat,mover,moved,cascade,45187,4962,0.885,0.928803,0.933398,A,moved,,,,,,,,
c52,SeoulBull,mover,moved,cascade,2970,781,2.365,0.928538,0.949198,A,moved,,,,,,,,
c53,KerryPark480,mover,cascade,moved,3149,375,0.548,0.928200,0.930119,same,same,,,,,,,,
c54,KerryPark480,control,cascade,piecewise_identical,39349,13633,0.000,0.963722,0.963722,same,same,,,,,,,,
c55,fleetws,mover,moved,cascade,5082,561,1.791,0.955552,0.968075,A,moved,,,,,,,,
c56,fleetws,mover,moved,cascade,187078,62286,2.578,0.878116,0.902138,A,moved,,,,,,,,
c57,MurdoSmallAntiqueCat,mover,moved,cascade,580551,115871,1.620,0.901735,0.941128,A,moved,,,,,,,,
c58,MurdoSmallAntiqueCat,control,cascade,piecewise_identical,194532,27242,0.000,0.981422,0.981422,B,piecewise_identical,,,,,,,,
c59,KerryPark480,sanity,perturbed,cascade,16519,3461,2.852,0.934439,,B,cascade,,,,,,,,
c60,KerryPark480,control,cascade,piecewise_identical,19520,4511,0.000,0.944148,0.944148,same,same,,,,,,,,
c61,fleetws,control,piecewise_identical,cascade,67193,13614,0.000,0.905730,0.905730,same,same,,,,,,,,
c62,fleetws,mover,cascade,moved,51717,9476,0.647,0.967913,0.968982,B,moved,,,,,,,,
c63,KerryPark480,mover,moved,cascade,6044,836,0.147,0.948366,0.948371,B,cascade,,,,,,,,
c64,SeoulBull,mover,moved,cascade,572,115,0.367,0.850544,0.852020,same,same,,,,,,,,
c65,MurdoSmallAntiqueCat,control,cascade,piecewise_identical,81816,9586,0.000,0.939069,0.939069,A,cascade,,,,,,,,
c66,fleetws,mover,moved,cascade,61440,11996,0.218,0.863288,0.863429,same,same,,,,,,,,
c67,MurdoSmallAntiqueCat,mover,cascade,moved,1455037,476701,3.152,0.932474,0.941851,B,moved,,,,,,,,
c68,KerryPark480,mover,moved,cascade,7346,1085,2.401,0.853854,0.890520,A,moved,,,,,,,,
c69,KerryPark480,control,piecewise_identical,cascade,21056,5076,0.000,0.966293,0.966293,same,same,,,,,,,,
c70,fleetws,mover,moved,cascade,72452,15226,1.598,0.921282,0.929247,A,moved,,,,,,,,
c71,KerryPark480,mover,cascade,moved,10868,1873,0.336,0.853826,0.856953,both_wrong,both_wrong,"This one matched a building against a tree, where the cloud pattern in the sky is similar-ish too",,,,,,,
c72,MurdoSmallAntiqueCat,sanity,perturbed,cascade,866125,208543,2.950,0.985714,,B,cascade,,,,,,,,
c73,fleetws,mover,cascade,moved,11672,1408,0.681,0.898290,0.899666,B,moved,,,,,,,,
c74,fleetws,control,piecewise_identical,cascade,85464,19268,0.000,0.854230,0.854230,same,same,,,,,,,,
c75,KerryPark480,mover,moved,cascade,18456,4121,4.787,0.857664,0.924372,A,moved,,,,,,,,
c76,fleetws,control,piecewise_identical,cascade,671,70,0.000,0.936989,0.936989,B,cascade,,,,,,,,
c77,MurdoSmallAntiqueCat,mover,cascade,moved,236192,34802,0.246,0.970004,0.971614,same,same,,,,,,,,
c78,MurdoSmallAntiqueCat,mover,moved,cascade,199105,28034,0.363,0.979777,0.980174,same,same,,,,,,,,
c79,SeoulBull,mover,cascade,moved,777,163,0.185,0.902541,0.904578,same,same,,,,,,,,
c80,MurdoSmallAntiqueCat,mover,cascade,moved,1298337,398351,0.024,0.979666,0.979702,same,same,,,,,,,,
c81,fleetws,mover,moved,cascade,4848,532,0.418,0.961203,0.961320,same,same,,,,,,,,
c82,SeoulBull,control,piecewise_identical,cascade,138,25,0.000,0.939487,0.939487,same,same,,,,,,,,
c83,fleetws,mover,cascade,moved,28563,4232,2.777,0.932432,0.934529,B,moved,,,,,,,,
c84,SeoulBull,mover,moved,cascade,4509,1342,5.116,0.855605,0.894542,A,moved,,,,,,,,
c85,MurdoSmallAntiqueCat,mover,cascade,moved,790975,180846,1.543,0.915384,0.917925,B,moved,,,,,,,,
c86,KerryPark480,mover,cascade,moved,5204,688,3.245,0.925750,0.935228,B,moved,,,,,,,,
c87,KerryPark480,sanity,cascade,perturbed,37704,12810,3.041,0.961417,,A,cascade,,,,,,,,
c88,KerryPark480,mover,moved,cascade,15096,3040,0.207,0.990715,0.990716,same,same,,,,,,,,
c89,KerryPark480,sanity,cascade,perturbed,36916,12416,3.022,0.928411,,A,cascade,,,,,,,,
c90,MurdoSmallAntiqueCat,mover,moved,cascade,1329143,413754,1.556,0.905336,0.912154,B,cascade,,,,,,,,
